id,Regioviz_item,Theme,Name,Unit,id1,id2,Formula,Year,Data_source,Last_update,Methodology,URL
particip,Indicateur,Élections présidentielles 2014 (1er tour),Taux de participation,%,Votants,Inscrits,id1/id2*100,2014,"Instance Supérieure Independante pour les Élections (ISIE). Données mises en forme par l’Université de Sfax, le CIST et l’UMS RIATE dans le cadre du PICS franco-tunisien N°234722",2018-09-25,Votants / inscrits,
nul,Indicateur,Élections présidentielles 2014 (1er tour),Part de vote nul,%,V_nuls,V_exprm,id1/id2*100,2014,"Instance Supérieure Independante pour les Élections (ISIE). Données mises en forme par l’Université de Sfax, le CIST et l’UMS RIATE dans le cadre du PICS franco-tunisien N°234723",2018-09-25,Votes nuls / votes exprimés * 100,
blanc,Indicateur,Élections présidentielles 2014 (1er tour),Part de vote blanc,%,V_blancs,V_exprm,id1/id2*100,2014,"Instance Supérieure Independante pour les Élections (ISIE). Données mises en forme par l’Université de Sfax, le CIST et l’UMS RIATE dans le cadre du PICS franco-tunisien N°234724",2018-09-25,Votes blancs / votes exprimés * 100,
sh_CAND7,Indicateur,Élections présidentielles 2014 (1er tour),Part Béji Caïd Essebsi (Nidaa Tounes),%,CAND_07,V_exprm,id1/id2*100,2014,"Instance Supérieure Independante pour les Élections (ISIE). Données mises en forme par l’Université de Sfax, le CIST et l’UMS RIATE dans le cadre du PICS franco-tunisien N°234731",2018-09-25,Candidat 7 / vote exprimés * 100. Le numéro des candidats est celui attribué lors du scrutin. Ceux-ci sont classés dans l'application par ordre d'arrivée au niveau national.,
sh_CAND24,Indicateur,Élections présidentielles 2014 (1er tour),Part Moncef Marzouki (ind.) ,%,CAND_24,V_exprm,id1/id2*100,2014,"Instance Supérieure Independante pour les Élections (ISIE). Données mises en forme par l’Université de Sfax, le CIST et l’UMS RIATE dans le cadre du PICS franco-tunisien N°234748",2018-09-25,Candidat 24 / vote exprimés * 100. Le numéro des candidats est celui attribué lors du scrutin. Ceux-ci sont classés dans l'application par ordre d'arrivée au niveau national.,
sh_CAND27,Indicateur,Élections présidentielles 2014 (1er tour),Part Hamma Hammami (Front Populaire),%,CAND_27,V_exprm,id1/id2*100,2014,"Instance Supérieure Independante pour les Élections (ISIE). Données mises en forme par l’Université de Sfax, le CIST et l’UMS RIATE dans le cadre du PICS franco-tunisien N°234751",2018-09-25,Candidat 27 / vote exprimés * 100. Le numéro des candidats est celui attribué lors du scrutin. Ceux-ci sont classés dans l'application par ordre d'arrivée au niveau national.,
sh_CAND26,Indicateur,Élections présidentielles 2014 (1er tour),Part Hechmi Hamdi (Courant de l’amour),%,CAND_26,V_exprm,id1/id2*100,2014,"Instance Supérieure Independante pour les Élections (ISIE). Données mises en forme par l’Université de Sfax, le CIST et l’UMS RIATE dans le cadre du PICS franco-tunisien N°234750",2018-09-25,Candidat 26 / vote exprimés * 100. Le numéro des candidats est celui attribué lors du scrutin. Ceux-ci sont classés dans l'application par ordre d'arrivée au niveau national.,
sh_CAND8,Indicateur,Élections présidentielles 2014 (1er tour),Part Slim Riahi (Union patriotique libre),%,CAND_08,V_exprm,id1/id2*100,2014,"Instance Supérieure Independante pour les Élections (ISIE). Données mises en forme par l’Université de Sfax, le CIST et l’UMS RIATE dans le cadre du PICS franco-tunisien N°234732",2018-09-25,Candidat 8 / vote exprimés * 100. Le numéro des candidats est celui attribué lors du scrutin. Ceux-ci sont classés dans l'application par ordre d'arrivée au niveau national.,
sh_CAND4,Indicateur,Élections présidentielles 2014 (1er tour),Part Kamel Morjane (Initiative nationale destourienne),%,CAND_04,V_exprm,id1/id2*100,2014,"Instance Supérieure Independante pour les Élections (ISIE). Données mises en forme par l’Université de Sfax, le CIST et l’UMS RIATE dans le cadre du PICS franco-tunisien N°234728",2018-09-25,Candidat 4 / vote exprimés * 100. Le numéro des candidats est celui attribué lors du scrutin. Ceux-ci sont classés dans l'application par ordre d'arrivée au niveau national.,
sh_CAND13,Indicateur,Élections présidentielles 2014 (1er tour),Part Ahmed Néjib Chebbi (Al Joumhouri),%,CAND_13,V_exprm,id1/id2*100,2014,"Instance Supérieure Independante pour les Élections (ISIE). Données mises en forme par l’Université de Sfax, le CIST et l’UMS RIATE dans le cadre du PICS franco-tunisien N°234737",2018-09-25,Candidat 13 / vote exprimés * 100. Le numéro des candidats est celui attribué lors du scrutin. Ceux-ci sont classés dans l'application par ordre d'arrivée au niveau national.,
sh_CAND11,Indicateur,Élections présidentielles 2014 (1er tour),Part Safi Saïd (ind.),%,CAND_11,V_exprm,id1/id2*100,2014,"Instance Supérieure Independante pour les Élections (ISIE). Données mises en forme par l’Université de Sfax, le CIST et l’UMS RIATE dans le cadre du PICS franco-tunisien N°234735",2018-09-25,Candidat 11 / vote exprimés * 100. Le numéro des candidats est celui attribué lors du scrutin. Ceux-ci sont classés dans l'application par ordre d'arrivée au niveau national.,
sh_CAND23,Indicateur,Élections présidentielles 2014 (1er tour),Part Mondher Zenaidi (ind.),%,CAND_23,V_exprm,id1/id2*100,2014,"Instance Supérieure Independante pour les Élections (ISIE). Données mises en forme par l’Université de Sfax, le CIST et l’UMS RIATE dans le cadre du PICS franco-tunisien N°234747",2018-09-25,Candidat 23 / vote exprimés * 100. Le numéro des candidats est celui attribué lors du scrutin. Ceux-ci sont classés dans l'application par ordre d'arrivée au niveau national.,
sh_CAND21,Indicateur,Élections présidentielles 2014 (1er tour),Part Mustapha Ben Jaafar (Ettakatol),%,CAND_21,V_exprm,id1/id2*100,2014,"Instance Supérieure Independante pour les Élections (ISIE). Données mises en forme par l’Université de Sfax, le CIST et l’UMS RIATE dans le cadre du PICS franco-tunisien N°234745",2018-09-25,Candidat 21 / vote exprimés * 100. Le numéro des candidats est celui attribué lors du scrutin. Ceux-ci sont classés dans l'application par ordre d'arrivée au niveau national.,
sh_CAND3,Indicateur,Élections présidentielles 2014 (1er tour),Part Kalthoum Kannou (ind.) ,%,CAND_03,V_exprm,id1/id2*100,2014,"Instance Supérieure Independante pour les Élections (ISIE). Données mises en forme par l’Université de Sfax, le CIST et l’UMS RIATE dans le cadre du PICS franco-tunisien N°234727",2018-09-25,Candidat 3 / vote exprimés * 100. Le numéro des candidats est celui attribué lors du scrutin. Ceux-ci sont classés dans l'application par ordre d'arrivée au niveau national.,
sh_CAND16,Indicateur,Élections présidentielles 2014 (1er tour),Part Mohamed Frikha (ind.),%,CAND_16,V_exprm,id1/id2*100,2014,"Instance Supérieure Independante pour les Élections (ISIE). Données mises en forme par l’Université de Sfax, le CIST et l’UMS RIATE dans le cadre du PICS franco-tunisien N°234740",2018-09-25,Candidat 16 / vote exprimés * 100. Le numéro des candidats est celui attribué lors du scrutin. Ceux-ci sont classés dans l'application par ordre d'arrivée au niveau national.,
sh_CAND6,Indicateur,Élections présidentielles 2014 (1er tour),Part Abderrazak Kilani (ind.),%,CAND_06,V_exprm,id1/id2*100,2014,"Instance Supérieure Independante pour les Élections (ISIE). Données mises en forme par l’Université de Sfax, le CIST et l’UMS RIATE dans le cadre du PICS franco-tunisien N°234730",2018-09-25,Candidat 6 / vote exprimés * 100. Le numéro des candidats est celui attribué lors du scrutin. Ceux-ci sont classés dans l'application par ordre d'arrivée au niveau national.,
sh_CAND10,Indicateur,Élections présidentielles 2014 (1er tour),Part Mustapha Kamel Nabli (ind.) ,%,CAND_10,V_exprm,id1/id2*100,2014,"Instance Supérieure Independante pour les Élections (ISIE). Données mises en forme par l’Université de Sfax, le CIST et l’UMS RIATE dans le cadre du PICS franco-tunisien N°234734",2018-09-25,Candidat 10 / vote exprimés * 100. Le numéro des candidats est celui attribué lors du scrutin. Ceux-ci sont classés dans l'application par ordre d'arrivée au niveau national.,
sh_CAND1,Indicateur,Élections présidentielles 2014 (1er tour),Part Larbi Nasra (Voix du peuple tunisien),%,CAND_01,V_exprm,id1/id2*100,2014,"Instance Supérieure Independante pour les Élections (ISIE). Données mises en forme par l’Université de Sfax, le CIST et l’UMS RIATE dans le cadre du PICS franco-tunisien N°234725",2018-09-25,Candidat 1 / vote exprimés * 100. Le numéro des candidats est celui attribué lors du scrutin. Ceux-ci sont classés dans l'application par ordre d'arrivée au niveau national.,
sh_CAND9,Indicateur,Élections présidentielles 2014 (1er tour),Part Abdelkader Labbaoui (ind.),%,CAND_09,V_exprm,id1/id2*100,2014,"Instance Supérieure Independante pour les Élections (ISIE). Données mises en forme par l’Université de Sfax, le CIST et l’UMS RIATE dans le cadre du PICS franco-tunisien N°234733",2018-09-25,Candidat 9 / vote exprimés * 100. Le numéro des candidats est celui attribué lors du scrutin. Ceux-ci sont classés dans l'application par ordre d'arrivée au niveau national.,
sh_CAND14,Indicateur,Élections présidentielles 2014 (1er tour),Part Hamouda Ben Slama (ind.) ,%,CAND_14,V_exprm,id1/id2*100,2014,"Instance Supérieure Independante pour les Élections (ISIE). Données mises en forme par l’Université de Sfax, le CIST et l’UMS RIATE dans le cadre du PICS franco-tunisien N°234738",2018-09-25,Candidat 14 / vote exprimés * 100. Le numéro des candidats est celui attribué lors du scrutin. Ceux-ci sont classés dans l'application par ordre d'arrivée au niveau national.,
sh_CAND17,Indicateur,Élections présidentielles 2014 (1er tour),Part Mohamed Ben Mabrouk Hamdi (Alliance démocratique),%,CAND_17,V_exprm,id1/id2*100,2014,"Instance Supérieure Independante pour les Élections (ISIE). Données mises en forme par l’Université de Sfax, le CIST et l’UMS RIATE dans le cadre du PICS franco-tunisien N°234741",2018-09-25,Candidat 17 / vote exprimés * 100. Le numéro des candidats est celui attribué lors du scrutin. Ceux-ci sont classés dans l'application par ordre d'arrivée au niveau national.,
sh_CAND20,Indicateur,Élections présidentielles 2014 (1er tour),Part Mehrez Boussayene (ind.),%,CAND_20,V_exprm,id1/id2*100,2014,"Instance Supérieure Independante pour les Élections (ISIE). Données mises en forme par l’Université de Sfax, le CIST et l’UMS RIATE dans le cadre du PICS franco-tunisien N°234744",2018-09-25,Candidat 20 / vote exprimés * 100. Le numéro des candidats est celui attribué lors du scrutin. Ceux-ci sont classés dans l'application par ordre d'arrivée au niveau national.,
sh_CAND5,Indicateur,Élections présidentielles 2014 (1er tour),Part Salem Chaïbi (Parti du congrès populaire),%,CAND_05,V_exprm,id1/id2*100,2014,"Instance Supérieure Independante pour les Élections (ISIE). Données mises en forme par l’Université de Sfax, le CIST et l’UMS RIATE dans le cadre du PICS franco-tunisien N°234729",2018-09-25,Candidat 5 / vote exprimés * 100. Le numéro des candidats est celui attribué lors du scrutin. Ceux-ci sont classés dans l'application par ordre d'arrivée au niveau national.,
sh_CAND25,Indicateur,Élections présidentielles 2014 (1er tour),Part Samir Abdelli (ind.),%,CAND_25,V_exprm,id1/id2*100,2014,"Instance Supérieure Independante pour les Élections (ISIE). Données mises en forme par l’Université de Sfax, le CIST et l’UMS RIATE dans le cadre du PICS franco-tunisien N°234749",2018-09-25,Candidat 25 / vote exprimés * 100. Le numéro des candidats est celui attribué lors du scrutin. Ceux-ci sont classés dans l'application par ordre d'arrivée au niveau national.,
sh_CAND15,Indicateur,Élections présidentielles 2014 (1er tour),Part Ali Chourabi (ind.) ,%,CAND_15,V_exprm,id1/id2*100,2014,"Instance Supérieure Independante pour les Élections (ISIE). Données mises en forme par l’Université de Sfax, le CIST et l’UMS RIATE dans le cadre du PICS franco-tunisien N°234739",2018-09-25,Candidat 15 / vote exprimés * 100. Le numéro des candidats est celui attribué lors du scrutin. Ceux-ci sont classés dans l'application par ordre d'arrivée au niveau national.,
sh_CAND18,Indicateur,Élections présidentielles 2014 (1er tour),Part Mokhtar Mejri (ind.),%,CAND_18,V_exprm,id1/id2*100,2014,"Instance Supérieure Independante pour les Élections (ISIE). Données mises en forme par l’Université de Sfax, le CIST et l’UMS RIATE dans le cadre du PICS franco-tunisien N°234742",2018-09-25,Candidat 18 / vote exprimés * 100. Le numéro des candidats est celui attribué lors du scrutin. Ceux-ci sont classés dans l'application par ordre d'arrivée au niveau national.,
sh_CAND19,Indicateur,Élections présidentielles 2014 (1er tour),Part Abderraouf Ayadi (Mouvement Wafa),%,CAND_19,V_exprm,id1/id2*100,2014,"Instance Supérieure Independante pour les Élections (ISIE). Données mises en forme par l’Université de Sfax, le CIST et l’UMS RIATE dans le cadre du PICS franco-tunisien N°234743",2018-09-25,Candidat 19 / vote exprimés * 100. Le numéro des candidats est celui attribué lors du scrutin. Ceux-ci sont classés dans l'application par ordre d'arrivée au niveau national.,
sh_CAND12,Indicateur,Élections présidentielles 2014 (1er tour),Part Yassine Chennoufi (ind.) ,%,CAND_12,V_exprm,id1/id2*100,2014,"Instance Supérieure Independante pour les Élections (ISIE). Données mises en forme par l’Université de Sfax, le CIST et l’UMS RIATE dans le cadre du PICS franco-tunisien N°234736",2018-09-25,Candidat 12 / vote exprimés * 100. Le numéro des candidats est celui attribué lors du scrutin. Ceux-ci sont classés dans l'application par ordre d'arrivée au niveau national.,
sh_CAND2,Indicateur,Élections présidentielles 2014 (1er tour),Part Abderrahim Zouari (Mouvement destourien),%,CAND_02,V_exprm,id1/id2*100,2014,"Instance Supérieure Independante pour les Élections (ISIE). Données mises en forme par l’Université de Sfax, le CIST et l’UMS RIATE dans le cadre du PICS franco-tunisien N°234726",2018-09-25,Candidat 2 / vote exprimés * 100. Le numéro des candidats est celui attribué lors du scrutin. Ceux-ci sont classés dans l'application par ordre d'arrivée au niveau national.,
sh_CAND22,Indicateur,Élections présidentielles 2014 (1er tour),Part Noureddine Hached (ind.),%,CAND_22,V_exprm,id1/id2*100,2014,"Instance Supérieure Independante pour les Élections (ISIE). Données mises en forme par l’Université de Sfax, le CIST et l’UMS RIATE dans le cadre du PICS franco-tunisien N°234746",2018-09-25,Candidat 22 / vote exprimés * 100. Le numéro des candidats est celui attribué lors du scrutin. Ceux-ci sont classés dans l'application par ordre d'arrivée au niveau national.,
Inscrits,Poids,,Inscrits sur les listes électorales,Personnes,,,,,,,,
Votants,Stock,,Votants,Personnes,,,,,,,,
V_exprm,Stock,,Vote exprimé,Personnes,,,,,,,,
V_nuls,Stock,,Vote nul,Personnes,,,,,,,,
V_blancs,Stock,,Vote blanc,Personnes,,,,,,,,
CAND_01,Stock,,Vote Larbi Nasra (Voix du peuple tunisien),Personnes,,,,,,,,
CAND_02,Stock,,Vote Abderrahim Zouari (Mouvement destourien),Personnes,,,,,,,,
CAND_03,Stock,,Vote Kalthoum Kannou (ind.) ,Personnes,,,,,,,,
CAND_04,Stock,,Vote Kamel Morjane (Initiative nationiale destourienne),Personnes,,,,,,,,
CAND_05,Stock,,Vote Salem Chaïbi (Votei du congrès populaire),Personnes,,,,,,,,
CAND_06,Stock,,Vote Abderrazak Kilani (ind.),Personnes,,,,,,,,
CAND_07,Stock,,Vote Béji Caïd Essebsi (Nidaa Tounes),Personnes,,,,,,,,
CAND_08,Stock,,Vote Slim Riahi (Union patriotique libre),Personnes,,,,,,,,
CAND_09,Stock,,Vote Abdelkader Labbaoui (ind.),Personnes,,,,,,,,
CAND_10,Stock,,Vote Mustapha Kamel Nabli (ind.) ,Personnes,,,,,,,,
CAND_11,Stock,,Vote Safi Saïd (ind.),Personnes,,,,,,,,
CAND_12,Stock,,Vote Yassine Chennoufi (ind.) ,Personnes,,,,,,,,
CAND_13,Stock,,Vote Ahmed Néjib Chebbi (Al Joumhouri),Personnes,,,,,,,,
CAND_14,Stock,,Vote Hamouda Ben Slama (ind.) ,Personnes,,,,,,,,
CAND_15,Stock,,Vote Ali Chourabi (ind.) ,Personnes,,,,,,,,
CAND_16,Stock,,Vote Mohamed Frikha (ind.),Personnes,,,,,,,,
CAND_17,Stock,,Vote Mohamed Ben Mabrouk Hamdi (Alliance démocratique),Personnes,,,,,,,,
CAND_18,Stock,,Vote Mokhtar Mejri (ind.),Personnes,,,,,,,,
CAND_19,Stock,,Vote Abderraouf Ayadi (Mouvement Wafa),Personnes,,,,,,,,
CAND_20,Stock,,Vote Mehrez Boussayene (ind.),Personnes,,,,,,,,
CAND_21,Stock,,Vote Mustapha Ben Jaafar (Ettakatol),Personnes,,,,,,,,
CAND_22,Stock,,Vote Noureddine Hached (ind.),Personnes,,,,,,,,
CAND_23,Stock,,Vote Mondher Zenaido (ind.),Personnes,,,,,,,,
CAND_24,Stock,,Vote Moncef Marzouki (ind.) ,Personnes,,,,,,,,
CAND_25,Stock,,Vote Samir Abdelli (ind.),Personnes,,,,,,,,
CAND_26,Stock,,Vote Hechmi Hamdi (Courant de l’amour),Personnes,,,,,,,,
CAND_27,Stock,,Vote Hamma Hammami (Front Populaire),Personnes,,,,,,,,
DELEG,Territorial division,,Délégations,,,,,,UMS RIATE,2018-09-25,"En Tunisie, une délégation est une circonscription administrative intermédiaire entre le gouvernorat et le secteur (imada). Le représentant de l'État dans chaque délégation est le délégué. Il est nommé par le ministre de l'Intérieur et placé sous la tutelle du gouverneur. Il assure le fonctionnement des services publics administratifs et préside le conseil local de développement, un organe consultatif.
Les délégations ont une cohérence géographique et/ou démographique. En effet, la délégation couvre un territoire d'étendue limitée qui doit permettre aux populations des agglomérations de se rendre aisément en son chef-lieu pour y trouver des activités de service public ou privé (notamment un hôpital ou dispensaire, un lycée d'enseignement secondaire, etc.).",
DEFAULT,Study Area,,Tunisie,,,,,,UMS RIATE,2018-04-05,Les unités territoriales sont comparées à l'ensemble des unités tunisiennes.  ,
SPAT,Study Area,,Voisinage géographique,,,,,,UMS RIATE,2018-04-05,Les unités territoriales sont comparées aux délégations dont le centre géométrique (distance de centroïde à centroïde) est situé à un pas de distance défini par l’utilisateur. Par défaut celui-ci est paramétré pour être adapté à la surface moyenne des unités territoriales de l'espace d'étude.,
GOUV,Study Area,,Gouvernorat d’appartenance,,,,,,UMS RIATE,2018-04-05,Ce contexte permet de comparer les unités territoriales partageant la même appartenance régionale (même gouvernorat) ,
